{
  "5361.91": [
    [
      -2668.4755859375,
      "DE, Baumholder, Waldaufstieg"
    ]
  ],
  "5882.18": [
    [
      -948.372314453125,
      "DE, Baumholder, Waldabstieg"
    ]
  ],
  "6121.87": [
    [
      -718.9346923828125,
      "DE, Baumholder, Kreuzungsring"
    ]
  ],
  "5666.25": [
    [
      539.2579345703125,
      "DE, Baumholder, Kreuzungsring reverse"
    ]
  ],
  "10699.96": [
    [
      814.2764892578125,
      "DE, Baumholder, Ruschberg"
    ]
  ],
  "5855.68": [
    [
      513.0728759765625,
      "DE, Baumholder, Verbundsring"
    ]
  ],
  "5550.85": [
    [
      657.1261596679688,
      "DE, Baumholder, Verbundsring reverse"
    ]
  ],
  "5129.04": [
    [
      814.3093872070312,
      "DE, Baumholder, Innerer Feld-Sprint"
    ]
  ],
  "4937.85": [
    [
      656.46044921875,
      "DE, Baumholder, Innerer Feld-Sprint reverse"
    ]
  ],
  "11487.19": [
    [
      -2668.59033203125,
      "DE, Baumholder, Oberstein"
    ]
  ],
  "10805.23": [
    [
      513.07177734375,
      "DE, Baumholder, Hammerstein"
    ]
  ],
  "11551.16": [
    [
      539.3564453125,
      "DE, Baumholder, Frauenberg"
    ]
  ],
  "10805.22": [
    [
      1276.76611328125,
      "MC, Monte Carlo, Route de Turini"
    ]
  ],
  "10866.86": [
    [
      -2344.705810546875,
      "MC, Monte Carlo, Vallee descendante"
    ]
  ],
  "4730.02": [
    [
      283.7648620605469,
      "MC, Monte Carlo, Col de Turini \u2013 Sprint en descente"
    ]
  ],
  "4729.54": [
    [
      -197.3816375732422,
      "MC, Monte Carlo, Col de Turini sprint en Montee"
    ]
  ],
  "5175.91": [
    [
      -131.84573364257812,
      "MC, Monte Carlo, Col de Turini \u2013 Descente"
    ],
    [
      -467.3677062988281,
      "MC, Monte Carlo, Gordolon \u2013 Courte montee"
    ]
  ],
  "4015.36": [
    [
      -991.9784545898438,
      "MC, Monte Carlo, Route de Turini (Descente)"
    ]
  ],
  "3952.15": [
    [
      1276.780517578125,
      "MC, Monte Carlo, Approche du Col de Turini \u2013 Montee"
    ]
  ],
  "9831.45": [
    [
      -467.483154296875,
      "MC, Monte Carlo, Pra d\u00b4Alart"
    ]
  ],
  "9832.02": [
    [
      283.4727478027344,
      "MC, Monte Carlo, Col de Turini Depart"
    ]
  ],
  "6843.32": [
    [
      -991.945068359375,
      "MC, Monte Carlo, Route de Turini (Montee)"
    ]
  ],
  "6846.83": [
    [
      -2344.592529296875,
      "MC, Monte Carlo, Col de Turini \u2013 Depart en descente"
    ]
  ],
  "4821.65": [
    [
      2047.56201171875,
      "UK, Powys, Pant Mawr Reverse"
    ]
  ],
  "4960.06": [
    [
      1924.06884765625,
      "UK, Powys, Bidno Moorland"
    ]
  ],
  "5165.96": [
    [
      2481.105224609375,
      "UK, Powys, Bidno Moorland Reverse"
    ]
  ],
  "11435.51": [
    [
      -557.0780029296875,
      "UK, Powys, River Severn Valley"
    ]
  ],
  "11435.54": [
    [
      169.15403747558594,
      "UK, Powys, Bronfelen"
    ]
  ],
  "5717.40": [
    [
      -557.11328125,
      "UK, Powys, Fferm Wynt"
    ]
  ],
  "5717.39": [
    [
      -22.597640991210938,
      "UK, Powys, Fferm Wynt Reverse"
    ]
  ],
  "5718.10": [
    [
      -23.46375274658203,
      "UK, Powys, Dyffryn Afon"
    ],
    [
      169.0966033935547,
      "UK, Powys, Dyffryn Afon Reverse"
    ]
  ],
  "9911.66": [
    [
      2220.982177734375,
      "UK, Powys, Sweet Lamb"
    ]
  ],
  "10063.60": [
    [
      2481.169677734375,
      "UK, Powys, Geufron Forest"
    ]
  ],
  "4788.67": [
    [
      2221.004150390625,
      "UK, Powys, Pant Mawr"
    ]
  ],
  "7055.95": [
    [
      -1618.4476318359375,
      "SE, V\u00e4rmland, \u00c4lgsj\u00f6n"
    ]
  ],
  "4911.68": [
    [
      -1742.0498046875,
      "SE, V\u00e4rmland, \u00d6stra Hinnsj\u00f6n"
    ]
  ],
  "6666.89": [
    [
      -2143.403076171875,
      "SE, V\u00e4rmland, Stor-jangen Sprint"
    ]
  ],
  "6693.44": [
    [
      563.3468017578125,
      "SE, V\u00e4rmland, Stor-jangen Sprint Reverse"
    ]
  ],
  "4931.99": [
    [
      -5101.59619140625,
      "SE, V\u00e4rmland, Bj\u00f6rklangen"
    ]
  ],
  "11922.62": [
    [
      -4328.87158203125,
      "SE, V\u00e4rmland, Ransbys\u00e4ter"
    ]
  ],
  "12123.74": [
    [
      2697.36279296875,
      "SE, V\u00e4rmland, Hamra"
    ]
  ],
  "12123.59": [
    [
      -5101.78369140625,
      "SE, V\u00e4rmland, Lysvik"
    ]
  ],
  "11503.49": [
    [
      562.8009033203125,
      "SE, V\u00e4rmland, Norraskoga"
    ]
  ],
  "5248.36": [
    [
      -4328.87158203125,
      "SE, V\u00e4rmland, \u00c4lgsj\u00f6n Sprint"
    ]
  ],
  "7058.48": [
    [
      2696.98291015625,
      "SE, V\u00e4rmland, Elgsj\u00f6n"
    ]
  ],
  "4804.03": [
    [
      -2143.44384765625,
      "SE, V\u00e4rmland, Skogsrallyt"
    ]
  ],
  "6575.87": [
    [
      -408.4866027832031,
      "US, New England, Tolt Valley Sprint Forward"
    ]
  ],
  "6701.62": [
    [
      1521.6917724609375,
      "US, New England, Hancock Creek Burst"
    ]
  ],
  "6109.54": [
    [
      -353.0966796875,
      "US, New England, Hancock Hill Sprint Reverse"
    ]
  ],
  "12228.83": [
    [
      1521.5872802734375,
      "US, New England, North Fork Pass"
    ]
  ],
  "12276.12": [
    [
      27.728849411010742,
      "US, New England, North Fork Pass Reverse"
    ]
  ],
  "6488.33": [
    [
      27.087112426757812,
      "US, New England, Fuller Mountain Descent"
    ]
  ],
  "6468.30": [
    [
      2768.10107421875,
      "US, New England, Fuller Mountain Ascent"
    ]
  ],
  "6681.61": [
    [
      2950.6044921875,
      "US, New England, Fury Lake Depart"
    ]
  ],
  "12856.66": [
    [
      518.76123046875,
      "US, New England, Beaver Creek Trail Forward"
    ]
  ],
  "12765.92": [
    [
      -4617.37744140625,
      "US, New England, Beaver Creek Trail Reverse"
    ]
  ],
  "6229.11": [
    [
      518.7451171875,
      "US, New England, Hancock Hill Sprint Forward"
    ]
  ],
  "6604.03": [
    [
      -4617.388671875,
      "US, New England, Tolt Valley Sprint Reverse"
    ]
  ],
  "7667.32": [
    [
      131.03880310058594,
      "AR, Catamarca, Valle de los puentes"
    ]
  ],
  "3494.01": [
    [
      -1876.9149169921875,
      "AR, Catamarca, Huillaprima"
    ]
  ],
  "8265.95": [
    [
      205.80775451660156,
      "AR, Catamarca, Camino a la Puerta"
    ]
  ],
  "8256.86": [
    [
      2581.345947265625,
      "AR, Catamarca, Las Juntas"
    ]
  ],
  "5303.79": [
    [
      2581.339599609375,
      "AR, Catamarca, Camino de acantilados y rocas"
    ]
  ],
  "4171.50": [
    [
      -3227.17626953125,
      "AR, Catamarca, San Isidro"
    ]
  ],
  "3353.04": [
    [
      130.6753692626953,
      "AR, Catamarca, Miraflores"
    ]
  ],
  "2845.63": [
    [
      206.18272399902344,
      "AR, Catamarca, El Rodeo"
    ]
  ],
  "7929.19": [
    [
      -3227.17724609375,
      "AR, Catamarca, Valle de los puentes a la inversa"
    ]
  ],
  "5294.82": [
    [
      1379.72607421875,
      "AR, Catamarca, Camino de acantilados y rocas inverso"
    ]
  ],
  "4082.30": [
    [
      -1864.662109375,
      "AR, Catamarca, Camino a Coneta"
    ]
  ],
  "2779.49": [
    [
      1344.307373046875,
      "AR, Catamarca, La Merced"
    ]
  ],
  "4799.84": [
    [
      -4415.70703125,
      "NZ, Hawkes Bay, Te Awanga Sprint Forward"
    ]
  ],
  "11437.07": [
    [
      1789.1517333984375,
      "NZ, Hawkes Bay, Ocean Beach"
    ]
  ],
  "6624.03": [
    [
      1789.0382080078125,
      "NZ, Hawkes Bay, Ocean Beach Sprint"
    ]
  ],
  "4688.53": [
    [
      -2004.0015869140625,
      "NZ, Hawkes Bay, Te Awanga Sprint Reverse"
    ]
  ],
  "8807.49": [
    [
      2074.951171875,
      "NZ, Hawkes Bay, Waimarama Sprint Forward"
    ]
  ],
  "6584.10": [
    [
      -1950.1710205078125,
      "NZ, Hawkes Bay, Ocean Beach Sprint Reverse"
    ]
  ],
  "7137.81": [
    [
      2892.6181640625,
      "NZ, Hawkes Bay, Elsthorpe Sprint Forward"
    ]
  ],